id,nombre,cct,nivel,tipo,sector,direccion,telefono,gmail,lat,lng,calificacion,imagen,descripcion,servicios
1,CAMPO ESCUELA SAN JOSE,23PBH0010J,BACHILLERATO,MEDIA SUPERIOR,PRIVADO,CALLE CARRETERA FEDERAL LIBRE 307 TRAMO MERIDA    295  77560,,,21.13576,-86.90389,,,,[[BACHILLERATO GENERAL]]
2,BACHILLERATO SUMMERHILL,23PBH0046Y,BACHILLERATO,MEDIA SUPERIOR,PRIVADO,CALLE 75 AVENIDA JOSE LOPEZ PORTILLO CALLE 10 CALLE 73 295  77514,,,21.16384,-86.84687,,,,[BACHILLERATO GENERAL]
3,ESCUELA DEL SINDICALISMO NUEVO,23PBH0037Q,BACHILLERATO,MEDIA SUPERIOR,PRIVADO,CALLE 12 PONIENTE AVENIDA UXMAL CALLE 12 AVENIDA JOSE LOPEZ PORTILLO 295  77500,,,21.16915,-86.83595,,,,[BACHILLERATO GENERAL]
4,BACHILLERATO NATKAN,23PBH3890Y,BACHILLERATO,MEDIA SUPERIOR,PRIVADO,    295  77500,,,21.11711,-86.88254,,,,[BACHILLERATO GENERAL]
5,CENTRO DE BACHILLERATO [TECNOLoGICO] INDUSTRIAL Y DE SERVICIOS NUM. 301,23DCT0005N,BACHILLERATO,MEDIA SUPERIOR,PÚBLICO,AVENIDA CENTENARIO   CALLE 20 DE NOVIEMBRE 359 255 77500,,,21.163022,-86.902606,,,,[TECNOLoGICO]
6,CENTRO UNIVERSITARIO PENINSULAR,23PCT0008P,BACHILLERATO,MEDIA SUPERIOR,PRIVADO,AVENIDA UXMAL CALLE PUNTA ALLEN CALLE PUNTA PULTICUB  295  77509,,,21.15582,-86.86334,,,,[TECNOLoGICO]
7,COLEGIO DE ESTUDIOS CIENTIFICOS Y TECNOLOGICOS UNIDAD CANCUN III,23ETC0007K,BACHILLERATO,MEDIA SUPERIOR,PÚBLICO,AVENIDA 20 DE NOVIEMBRE AVENIDA CENTENARIO   295  77539,,,21.16213,-86.89887,,,,[TECNOLoGICO]
8,CENTRO EDUCATIVO ITZAMNA,23PBH0009U,BACHILLERATO,MEDIA SUPERIOR,PRIVADO,RETORNO PUNTA CHUNYUNYUN CALLE PUNTA YOQUEN CALLE PUNTA CHACCHIC CALLE PUNTA YOQUEN 295  77509,,,21.16471,-86.83284,,,,[BACHILLERATO GENERAL]
9,BACHILLERATO [TECNOLoGICO] INSTITUTO LIVIER,23PCT0010D,BACHILLERATO,MEDIA SUPERIOR,PRIVADO,AVENIDA CARLOS J. NADER AVENIDA JOSÉ GARCÍA DE LA TORRE  AVENIDA TULÚM 2 2 77500,,,21.167399,-86.824135,,,,[TECNOLoGICO]
10,LAWRENCE SCHOOL,23PBH0029H,BACHILLERATO,MEDIA SUPERIOR,PRIVADO,AVENIDA MAYAPAN AVENIDA MAYAPAN AVENIDA KABAH AVENIDA YAXCHILAN 295  77505,,,21.15194,-86.83567,,,,[BACHILLERATO GENERAL]
11,PLANTEL CONALEP 286. CANCUN II,23DPT0005R,BACHILLERATO,MEDIA SUPERIOR,PÚBLICO,AVENIDA 20 DE NOVIEMBRE AVENIDA LA COSTA CALLE 161 NORTE AVENIDA LA COSTA 295  77516,,,21.18462,-86.85036,,,,[PROFESIONAL TeCNICO BACHILLER]
12,CENTRO DE SERVICIOS ACADÉMICOS INTEGRALES CANCÚN,23ECB0014E,BACHILLERATO,MEDIA SUPERIOR,PÚBLICO,CALLE 57 CALLE 65 NORTE CALLE 57 NORTE CALLE 24 PONIENTE 88 91 77516,,,21.16806,-86.84277,,,,[BACHILLERATO GENERAL]
13,ESCUELA PREPARATORIA ANDRES QUINTANA ROO,23PBH0038P,BACHILLERATO,MEDIA SUPERIOR,PRIVADO,AVENIDA CHAC MOOL AVENIDA PUERTO JUAREZ AVENIDA LEONA VICARIO CALLE 31 PONIENTE 295  77517,,,21.16521,-86.87232,,,,[BACHILLERATO GENERAL]
14,CANCUN DOS,23ECB0013F,BACHILLERATO,MEDIA SUPERIOR,PÚBLICO,AVENIDA FRANCISCO I. MADERO CALLE 137 NORTE CALLE 139 NORTE CALLE 36 PONIENTE 295  77538,,,21.15106,-86.8806,,,,[BACHILLERATO GENERAL]
15,BACHILLERATO MODULAR CECYTE CANCÚN I,23EMS0032A,BACHILLERATO,MEDIA SUPERIOR,PÚBLICO,CALLE 71 CALLE 72 PONIENTE AVENIDA LEONA VICARIO CALLE 79 295  77516,,,21.17592,-86.85298,,,,[BACHILLERATO GENERAL]
16,JAIME TORRES BODET,23PCT0005S,BACHILLERATO,MEDIA SUPERIOR,PRIVADO,AVENIDA CHICHEN ITZA CALLE ACANCEH CALLE TIMUL CALLE SISBIC 295  77515,,,21.158029,-86.853421,,,,[TECNOLoGICO]
17,CENTRO DE BACHILLERATO TECNOLOGICO INDUSTRIAL Y DE SERVICIOS NUM. 111,23DCT0375F,BACHILLERATO,MEDIA SUPERIOR,PÚBLICO,AVENIDA CHICHEN ITZA    295  77500,,,21.17137,-86.82312,,,,[TECNOLoGICO]
18,COLEGIO IGNACIO COMONFORT,23PBH0013G,BACHILLERATO,MEDIA SUPERIOR,PRIVADO,AVENIDA BONAMPAK CALLE 28 ORIENTE CALLE 26 ORIENTE CALLE 51 NORTE 295  77526,,,21.18266,-86.81928,,,,[BACHILLERATO GENERAL]
19,COLEGIO DE ESTUDIOS CIENTIFICOS Y TECNOLOGICOS UNIDAD CANCUN III,23ETC0007K,BACHILLERATO,MEDIA SUPERIOR,PÚBLICO,AVENIDA 20 DE NOVIEMBRE AVENIDA CENTENARIO   295  77539,,,21.16213,-86.89887,,,,[TECNOLoGICO]
20,PLANTEL CONALEP 009. CANCUN,23DPT0001V,BACHILLERATO,MEDIA SUPERIOR,PÚBLICO,AVENIDA JOSE GARCIA DE LA TORRE AVENIDA BONAMPAK AVENIDA CHICHEN ITZA AVENIDA BONAMPAK 295  77500,,,21.1684,-86.82279,,,,[PROFESIONAL TeCNICO BACHILLER]
21,COLEGIO ALAMOS,23PBH0042B,BACHILLERATO,MEDIA SUPERIOR,PRIVADO,AVENIDA PASEO DEL CASTAÑO    295  77560,,,21.12878,-86.84317,,,,[BACHILLERATO GENERAL]
22,PREPARATORIA AZTECA DEL CARIBE,23PBH3703N,BACHILLERATO,MEDIA SUPERIOR,PRIVADO,AVENIDA CHICHEN ITZA    295  77515,,,21.15846,-86.85267,,,,[BACHILLERATO GENERAL]
23,COLEGIO MIRAMAR,23PBH0047X,BACHILLERATO,MEDIA SUPERIOR,PRIVADO,CALLE FRESNO AVENIDA HUAYACAN CALLE LIMON CALLE ENCINO 295  77560,,,21.12794,-86.838321,,,,[BACHILLERATO GENERAL]
24,COLEGIO DE ESTUDIOS CIENTIFICOS Y TECNOLOGICOS UNIDAD CANCUN I,23ETC0001Q,BACHILLERATO,MEDIA SUPERIOR,PÚBLICO,CALLE 71 CALLE 72 PONIENTE AVENIDA LEONA VICARIO CALLE 79 295  77516,,,21.17592,-86.85298,,,,[TECNOLoGICO]
25,UNIVERSIDAD TEC MILENIO CANCUN,23PBH3686N,BACHILLERATO,MEDIA SUPERIOR,PRIVADO,AVENIDA BONAMPAK    295  77528,,,21.13304,-86.82647,,,,[BACHILLERATO GENERAL]
26,"COLEGIO KUKULCAN CANCUN, S.C.",23PBH0003Z,BACHILLERATO,MEDIA SUPERIOR,PRIVADO,CALLE CAYO CENTRO AVENIDA CABO CATOCHE CALLE PUNTA NOH-KU  295  77508,,,21.15742,-86.84569,,,,[BACHILLERATO GENERAL]
27,PLANTEL CANCUN CUATRO,23ECB0023M,BACHILLERATO,MEDIA SUPERIOR,PÚBLICO,AVENIDA CHETUMAL CALLE KANLOL ANDADOR TULIPANES CALLE CHUNUP 307 PADRO NORTE 77519,,,21.16023,-86.8316,,,,[BACHILLERATO GENERAL]
28,MODERN ACADEMY CANCUN,23PBH0074U,BACHILLERATO,MEDIA SUPERIOR,PRIVADO,CALLE CARRETERA CANCUN-AEROPUERTO KILOMETRO 5.  CALLE NIGUNO  160 295 77569,,,21.103599,-86.837019,,,,[BACHILLERATO GENERAL]
29,COLEGIO DEL CARIBE,23PBH0031W,BACHILLERATO,MEDIA SUPERIOR,PRIVADO,AVENIDA FRANCISCO I. MADERO CALLE 33 CALLE 55 NORTE CALLE 10 PONIENTE 295  77517,,,21.16315,-86.85514,,,,[BACHILLERATO GENERAL]
30,BACHILLERATO INSTITUTO METROPOLITANO,23PBH0103Z,BACHILLERATO,MEDIA SUPERIOR,PRIVADO,AVENIDA LEONA VICARIO CALLE 71 CALLE 75 NORTE CALLE 64 136 230 77516,,,21.175298,-86.852949,,,,[BACHILLERATO GENERAL]
31,BACHILLERATO INSTITUTO METROPOLITANO,23PBH0103Z,BACHILLERATO,MEDIA SUPERIOR,PRIVADO,AVENIDA LEONA VICARIO CALLE 71 CALLE 75 NORTE CALLE 64 136 230 77516,,,21.175298,-86.852949,,,,[BACHILLERATO GENERAL]
32,JOSE MARTI,23PCT0003U,BACHILLERATO,MEDIA SUPERIOR,PRIVADO,AVENIDA ANDRES QUINTANA ROO CALLE NACHI COCOM AVENIDA TEPICH PRIVADA  295  77500,,,21.17186,-86.82617,,,,[TECNOLoGICO]
33,COLEGIO ECAB,23PBH0005Y,BACHILLERATO,MEDIA SUPERIOR,PRIVADO,AVENIDA KABAH AVENIDA JOSE LOPEZ PORTILLO AVENIDA FRANCISCO I MADERO CALLE 97 NORTE 295  77517,,,21.16314,-86.85397,,,,[BACHILLERATO GENERAL]
34,CENTRO DE ATENCION PARA ESTUDIANTES CON DISCAPACIDAD,23DER0003Z,BACHILLERATO,MEDIA SUPERIOR,PÚBLICO,AVENIDA CHICHEN ITZA AVENIDA BONAMPAK CALLE HE ZABA CALLE JOSE GARCIA DE LA TORRE 295  77500,,,21.17137,-86.82312,,,,[BACHILLERATO GENERAL]
35,BACHILLERATO [TECNOLoGICO] INSTITUTO LIVIER,23PCT0010D,BACHILLERATO,MEDIA SUPERIOR,PRIVADO,AVENIDA CARLOS J. NADER AVENIDA JOSÉ GARCÍA DE LA TORRE  AVENIDA TULÚM 2 2 77500,,,21.167399,-86.824135,,,,[TECNOLoGICO]
36,COLEGIO DE ESTUDIOS CIENTIFICOS Y TECNOLOGICOS UNIDAD CANCUN I,23ETC0001Q,BACHILLERATO,MEDIA SUPERIOR,PÚBLICO,CALLE 71 CALLE 72 PONIENTE AVENIDA LEONA VICARIO CALLE 79 295  77516,,,21.17592,-86.85298,,,,[TECNOLoGICO]
37,CENTRO DE ESTUDIOS [TECNOLoGICO]S DEL MAR NUM. 41,23DCM0002G,BACHILLERATO,MEDIA SUPERIOR,PÚBLICO,AVENIDA LAK'IN AVENIDA LEONA VICARIO   258 HACIENDAS DEL CARIBE 77539,,,21.148829,-86.906029,,,,[TECNOLoGICO]
38,INSTITUTO XEL-BAALAM,23PBH0051J,BACHILLERATO,MEDIA SUPERIOR,PRIVADO,AVENIDA FRANCISCO I MADERO CALLE 7 CALLE 3 CALLE 22 PONIENTE 295  77524,,,21.17761,-86.82702,,,,[BACHILLERATO GENERAL]
39,CENTRO DE BACHILLERATO TECNOLOGICO INDUSTRIAL Y DE SERVICIOS NUM.272,23DCT0272J,BACHILLERATO,MEDIA SUPERIOR,PÚBLICO,AVENIDA ARCO NORTE CALLE ISLA MAGDALENA AVENIDA ISLA SAONA CALLE ISLA HOLBOX 295  77524,,,21.178679,-86.909912,,,,[TECNOLoGICO]
40,PREPARATORIA UCIEP,23PBH0112G,BACHILLERATO,MEDIA SUPERIOR,PRIVADO,CALLE 79 AVENIDA MIGUEL HIDALGO AVENIDA FRANCISCO I. MADERO CALLE 71 89 92 77516,,,21.167985,-86.850784,,,,[BACHILLERATO GENERAL]
41,PLANTEL CANCUN CUATRO,23ECB0023M,BACHILLERATO,MEDIA SUPERIOR,PÚBLICO,AVENIDA CHETUMAL CALLE KANLOL ANDADOR TULIPANES CALLE CHUNUP 307 PADRO NORTE 77519,,,21.16023,-86.8316,,,,[BACHILLERATO GENERAL]
42,BACHILLERATO UNID,23PBH0030X,BACHILLERATO,MEDIA SUPERIOR,PRIVADO,AVENIDA NICHUPTE AVENIDA HUAYACAN AVENIDA KABAH AVENIDA LA LUNA 295  77515,,,21.14087,-86.83522,,,,[BACHILLERATO GENERAL]
43,INSTITUTO DEL CARIBE,23PBH3388O,BACHILLERATO,MEDIA SUPERIOR,PRIVADO,BOULEVARD CUMBRES CANCUN AVENIDA HUAYACAN CALLE MONTE VISION PRIVADA RESIDENCIAL CUMBRES 295  77560,,,21.11261,-86.84288,,,,[BACHILLERATO GENERAL]
44,MONTEVERDE INTERNATIONAL HIGH SCHOOL,23PBH0053H,BACHILLERATO,MEDIA SUPERIOR,PRIVADO,AVENIDA BONAMPAK AVENIDA BANCO CHINCHORRO AVENIDA CABO CATOCHE AVENIDA TULUM 295  77560,,,21.13439,-86.82574,,,,[BACHILLERATO GENERAL]
45,TELEBACHILLERATO COMUNITARIO COLONIA TRES REYES,23ETK0040A,BACHILLERATO,MEDIA SUPERIOR,PÚBLICO,CALLE 6 DE ENERO CALLE JOSE VALDEZ   295  77511,,,21.10211,-86.94449,,,,[BACHILLERATO GENERAL]
46,JOSE MARTI,23PCT0003U,BACHILLERATO,MEDIA SUPERIOR,PRIVADO,AVENIDA ANDRES QUINTANA ROO CALLE NACHI COCOM AVENIDA TEPICH PRIVADA  295  77500,,,21.17186,-86.82617,,,,[TECNOLoGICO]
47,UNIVERSIDAD LA SALLE CANCUN,23PBH3135L,BACHILLERATO,MEDIA SUPERIOR,PRIVADO,    295  77500,,,21.05262,-86.84643,,,,[BACHILLERATO GENERAL]
48,COLEGIO DE ESTUDIOS CIENTIFICOS Y TECNOLOGICOS UNIDAD CANCUN IV,23ETC0008J,BACHILLERATO,MEDIA SUPERIOR,PÚBLICO,CALLE 110 CALLE 113 CALLE 143 NORTE CALLE 104 295  77500,,,21.1927,-86.8307,,,,[TECNOLoGICO]
49,COLEGIO DE ESTUDIOS CIENTIFICOS Y TECNOLOGICOS UNIDAD CANCUN IV,23ETC0008J,BACHILLERATO,MEDIA SUPERIOR,PÚBLICO,CALLE 110 CALLE 113 CALLE 143 NORTE CALLE 104 295  77500,,,21.1927,-86.8307,,,,[TECNOLoGICO]
50,PLANTEL CONALEP CANCÚN IV,23DPT0008O,BACHILLERATO,MEDIA SUPERIOR,PÚBLICO,AVENIDA EL CEDRAL    351 SACBE 77518,,,21.195022,-86.887402,,,,[PROFESIONAL TeCNICO BACHILLER]
51,PLANTEL CONALEP 298. CANCUN III,23DPT0006Q,BACHILLERATO,MEDIA SUPERIOR,PÚBLICO,CALLE MIRLO CALLE PINZON CALLE RUISEÑOR  254 GALAXIAS DEL SOL 77518,,,21.18612,-86.88329,,,,[PROFESIONAL TeCNICO BACHILLER]
52,CANCUN DOS,23ECB0013F,BACHILLERATO,MEDIA SUPERIOR,PÚBLICO,AVENIDA FRANCISCO I. MADERO CALLE 137 NORTE CALLE 139 NORTE CALLE 36 PONIENTE 295  77538,,,21.15106,-86.8806,,,,[BACHILLERATO GENERAL]
53,BACHILLERATO MODULAR CECYTE UNIDAD CANCÚN II,23EMS0035Y,BACHILLERATO,MEDIA SUPERIOR,PÚBLICO,AVENIDA CANCUN CALLE MARIO VILLANUEVA MADRID AVENIDA 135 CALLE ANDALUCIA 295  77536,,,21.13228,-86.87717,,,,[BACHILLERATO GENERAL]
54,PLANTEL CANCUN UNO,23ECB0002Z,BACHILLERATO,MEDIA SUPERIOR,PÚBLICO,CALLE 21 CALLE 65 NORTE CALLE 57 NORTE CALLE 24 PONIENTE 295  77516,,,21.16702,-86.84424,,,,[BACHILLERATO GENERAL]
55,BOSTON TIKAL OPEN,23PBH0094H,BACHILLERATO,MEDIA SUPERIOR,PRIVADO,AVENIDA CHICHEN ITZA  AVENIDA ANDRES QUINTANA ROO  95 98 77537,,,21.14711,-86.87558,,,,[BACHILLERATO GENERAL]
56,PREPARATORIA CANCUN,23PBH0034T,BACHILLERATO,MEDIA SUPERIOR,PRIVADO,AVENIDA JOSE LOPEZ PORTILLO CALLE BACAL CALLE YAXCOPOIL CALLE YAXUNA 295  77515,,,21.16787,-86.84287,,,,[BACHILLERATO GENERAL]
57,COLEGIO NUEVO KAAN KUN,23PBH0076S,BACHILLERATO,MEDIA SUPERIOR,PRIVADO,AVENIDA CENTENARIO CALLE 107 CALLE PROTERRITORIO CALLE 98 131 225 77517,,,21.18525,-86.86034,,,,[BACHILLERATO GENERAL]
58,COLEGIO NUEVO KAAN KUN,23PBH0076S,BACHILLERATO,MEDIA SUPERIOR,PRIVADO,AVENIDA CENTENARIO CALLE 107 CALLE PROTERRITORIO CALLE 98 131 225 77517,,,21.18525,-86.86034,,,,[BACHILLERATO GENERAL]
59,COLEGIO JOSE VASCONCELOS,23PBH0115D,BACHILLERATO,MEDIA SUPERIOR,PRIVADO,CALLE PEHALTUN CALLE INSTITUTO POLITENICO NACIONAL CALLE PEHALTUN CALLE 73 314 PEHALTUN 77539,,,21.135458,-86.847994,,,,[BACHILLERATO GENERAL]
60,PREPARATORIA HENBORD,23PBH0081D,BACHILLERATO,MEDIA SUPERIOR,PRIVADO,AVENIDA LAS TORRES AVENIDA CANCÚN AVENIDA FONATUR AVENIDA HUAYACAN 200 523 77535,,,21.131965,-86.843876,,,,[BACHILLERATO GENERAL]
61,INSTITUTO PLATÓN,23PBH0083B,BACHILLERATO,MEDIA SUPERIOR,PRIVADO,AVENIDA JOSE LOPEZ PORTILLO CALLE 33 NORTE CALLE 35 NORTE CALLE 16 73 69 77510,,,21.169956,-86.835378,,,,[BACHILLERATO GENERAL]
62,COLEGIO DE ESTUDIOS CIENTIFICOS Y TECNOLOGICOS UNIDAD CANCUN II,23ETC0004N,BACHILLERATO,MEDIA SUPERIOR,PÚBLICO,AVENIDA CANCUN CALLE MARIO VILLANUEVA MADRID AVENIDA 135 CALLE ANDALUCIA 295  77536,,,21.13228,-86.87717,,,,[TECNOLoGICO]
63,COLEGIO DE ESTUDIOS CIENTIFICOS Y TECNOLOGICOS UNIDAD CANCUN II,23ETC0004N,BACHILLERATO,MEDIA SUPERIOR,PÚBLICO,AVENIDA CANCUN CALLE MARIO VILLANUEVA MADRID AVENIDA 135 CALLE ANDALUCIA 295  77536,,,21.13228,-86.87717,,,,[TECNOLoGICO]
64,INSTITUTO AMERICANO LEONARDO DA VINCI,23PBH0015E,BACHILLERATO,MEDIA SUPERIOR,PRIVADO, AVENIDA 16 DE ABRIL  AVENIDA BONAMPAK 295  77503,,,21.12783,-86.83019,,,,[BACHILLERATO GENERAL]
65,PLANTEL CONALEP CANCÚN IV,23DPT0008O,BACHILLERATO,MEDIA SUPERIOR,PÚBLICO,AVENIDA EL CEDRAL    351 SACBE 77518,,,21.195022,-86.887402,,,,[PROFESIONAL TeCNICO BACHILLER]
66,LICEO CANCÚN,23PBH0079P,BACHILLERATO,MEDIA SUPERIOR,PRIVADO,AVENIDA NICHUPTÉ CALLE PUNTA PIEDRA AVENIDA CONTOY ANDADOR CONTOY 240 CENTRO 77500,,,21.142137,-86.830914,,,,[BACHILLERATO GENERAL]
67,TELEBACHILLERATO COMUNITARIO COLONIA AVANTE,23ETK0039L,BACHILLERATO,MEDIA SUPERIOR,PÚBLICO,    295  77500,,,21.09637,-86.93497,,,,[BACHILLERATO GENERAL]
68,PLANTEL CONALEP 298. CANCUN III,23DPT0006Q,BACHILLERATO,MEDIA SUPERIOR,PÚBLICO,CALLE MIRLO CALLE PINZON CALLE RUISEÑOR  254 GALAXIAS DEL SOL 77518,,,21.18612,-86.88329,,,,[PROFESIONAL TeCNICO BACHILLER]
69,CENTRO DE BACHILLERATO TECNOLOGICO INDUSTRIAL Y DE SERVICIOS NUM.272,23DCT0272J,BACHILLERATO,MEDIA SUPERIOR,PÚBLICO,AVENIDA ARCO NORTE CALLE ISLA MAGDALENA AVENIDA ISLA SAONA CALLE ISLA HOLBOX 295  77524,,,21.178679,-86.909912,,,,[TECNOLoGICO]
70,COLEGIO ÁLAMOS PREPARATORIA SUR,23PBH0107V,BACHILLERATO,MEDIA SUPERIOR,PRIVADO,AVENIDA VILLA MALLORCA CALLE VILLA MAYA   240 CENTRO 77500,,,21.113291,-86.891984,,,,[BACHILLERATO GENERAL]
71,PLANTEL CANCUN UNO,23ECB0002Z,BACHILLERATO,MEDIA SUPERIOR,PÚBLICO,CALLE 21 CALLE 65 NORTE CALLE 57 NORTE CALLE 24 PONIENTE 295  77516,,,21.16702,-86.84424,,,,[BACHILLERATO GENERAL]
72,COLEGIO ST. JOHN'S,23PBH0017C,BACHILLERATO,MEDIA SUPERIOR,PRIVADO,AVENIDA 16 DE ABRIL AVENIDA BONAMPAK AVENIDA LUIS DONALDO COLOSIO  295  77500,,,21.12485,-86.83134,,,,[BACHILLERATO GENERAL]
73,[BACHILLERATO GENERAL] JAMES GOSLING,23PBH0102Z,BACHILLERATO,MEDIA SUPERIOR,PRIVADO,AVENIDA LEONA VICARIO AVENIDA 137 CALLE 145 AVENIDA PUERTO JUAREZ 115 209 77519,,,21.158766,-86.886586,,,,[BACHILLERATO GENERAL]
74,BACHILLERATO INSTITUTO METROPOLITANO,23PBH0104Y,BACHILLERATO,MEDIA SUPERIOR,PRIVADO,AVENIDA LEONA VICARIO CALLE 71 CALLE 75 NORTE CALLE 64 136 230 77516,,,21.175298,-86.852949,,,,[BACHILLERATO GENERAL]
75,BACHILLERATO TECNOLOGICO DE LA ESCUELA DE PUERICULTURA DEL SURESTE CAMPUS CANCUN,23PCT0004T,BACHILLERATO,MEDIA SUPERIOR,PRIVADO,AVENIDA JOSE LOPEZ PORTILLO CALLE 57 NORTE CALLE 63 NORTE CALLE 12 PONIENTE 295  77509,,,21.16611,-86.84269,,,,[TECNOLoGICO]
76,CENTRO DE ESTUDIOS [TECNOLoGICO]S DEL MAR NUM. 41,23DCM0002G,BACHILLERATO,MEDIA SUPERIOR,PÚBLICO,AVENIDA LAK'IN AVENIDA LEONA VICARIO   258 HACIENDAS DEL CARIBE 77539,,,21.148829,-86.906029,,,,[TECNOLoGICO]
77,PLANTEL CONALEP 286. CANCUN II,23DPT0005R,BACHILLERATO,MEDIA SUPERIOR,PÚBLICO,AVENIDA 20 DE NOVIEMBRE AVENIDA LA COSTA CALLE 161 NORTE AVENIDA LA COSTA 295  77516,,,21.18462,-86.85036,,,,[PROFESIONAL TeCNICO BACHILLER]
78,INSTITUTO CESARE,23PBH0035S,BACHILLERATO,MEDIA SUPERIOR,PRIVADO,BOULEVARD LUIS DONALDO COLOSIO    295  77560,,,21.11324,-86.83528,,,,[BACHILLERATO GENERAL]
79,CENTRO DE SERVICIOS ACADÉMICOS INTEGRALES CANCÚN,23ECB0014E,BACHILLERATO,MEDIA SUPERIOR,PÚBLICO,CALLE 57 CALLE 65 NORTE CALLE 57 NORTE CALLE 24 PONIENTE 88 91 77516,,,21.16806,-86.84277,,,,[BACHILLERATO GENERAL]
80,COLEGIO BOSTON TIKAL,23PBH0023N,BACHILLERATO,MEDIA SUPERIOR,PRIVADO,AVENIDA CHICHEN ITZA CALLE CHAC MOOL AVENIDA ANDRÉS QUINTANA ROO AVENIDA LÓPEZ PORTILLO 295  77535,,,21.14711,-86.87558,,,,[BACHILLERATO GENERAL]
81,UNIVERSIDAD UNITECH,23PBH0077R,BACHILLERATO,MEDIA SUPERIOR,PRIVADO,AVENIDA JOSE LOPEZ PORTILLO CALLE JOSE MARIA MORELOS  PRIVADA IGNACIO ALLENDE 68 64 77524,,,21.17905,-86.816836,,,,[BACHILLERATO GENERAL]
82,BACHILLERATO EN LINEA DE LA UNIVERSIDAD DEL DESARROLLO PROFESIONAL,23PBH0066L,BACHILLERATO,MEDIA SUPERIOR,PRIVADO,AVENIDA XELHA AVENIDA XELHA AVENIDA XELHA AVENIDA XELHA 295  77509,,,21.162875,-86.834237,,,,[BACHILLERATO GENERAL]
83,CENTRO DE BACHILLERATO [TECNOLoGICO] INDUSTRIAL Y DE SERVICIOS NUM. 301,23DCT0005N,BACHILLERATO,MEDIA SUPERIOR,PÚBLICO,AVENIDA CENTENARIO   CALLE 20 DE NOVIEMBRE 359 255 77500,,,21.163022,-86.902606,,,,[TECNOLoGICO]
84,CENTRO DE BACHILLERATO TECNOLOGICO INDUSTRIAL Y DE SERVICIOS NUM. 111,23DCT0375F,BACHILLERATO,MEDIA SUPERIOR,PÚBLICO,AVENIDA CHICHEN ITZA    295  77500,,,21.17137,-86.82312,,,,[TECNOLoGICO]
85,"BACHILLERATO IMESAD, CAMPUS CANCÚN",23PBH3838B,BACHILLERATO,MEDIA SUPERIOR,PRIVADO,AVENIDA TULÚM AVENIDA JOSÉ GARCÍA DE LA TORRE AVENIDA UXMAL AVENIDA CARLOS J. NADER 295  77535,,,21.166995,-86.825029,,,,[BACHILLERATO GENERAL]
86,INSTITUTO PREUNIVERSITARIO DEL CENTRO DE MEXICO CAMPUS CANCUN,23PBH3970J,BACHILLERATO,MEDIA SUPERIOR,PRIVADO,AVENIDA JOSE LOPEZ PORTILLO CALLE 57 NORTE CALLE V LOMBARDO CALLE 16 PONIENTE 295  77516,,,21.167134,-86.841259,,,,[BACHILLERATO GENERAL]
87,COLEGIO GLOBAL ACADEMY CANCUN,23PBH0088X,BACHILLERATO,MEDIA SUPERIOR,PRIVADO,AVENIDA POLITECNICO CALLE PASEO XCARET CALLE 127 NORTE CALLE PASEOS DEL MAYAB 191 514 77535,,,21.136915,-86.870927,,,,[BACHILLERATO GENERAL]
88,"COLEGIO BRITANICO DEL CARIBE, S.C.",23PCB0001G,BACHILLERATO,MEDIA SUPERIOR,PRIVADO,CALLE PARGO CALLE HUACHINANGO AVENIDA BONAMPAK RETORNO 1 295  77500,,,21.16083,-86.82219,,,,[BACHILLERATO GENERAL]
89,"COLEGIO UNIVERSITARIO ANGLO MEXICANO, S.C. (CUAM)",23PBH0026K,BACHILLERATO,MEDIA SUPERIOR,PRIVADO,AVENIDA BONAMPAK AVENIDA PUNTA CELARIN AVENIDA CONTOY ORIENTE AVENIDA TULUM 295  77500,,,21.13981,-86.823,,,,[BACHILLERATO GENERAL]
90,CENTRO EDUCATIVO MERIDA,23PBH0028I,BACHILLERATO,MEDIA SUPERIOR,PRIVADO,AVENIDA DE LOS COLEGIOS CALLE LUIS DONALDO COLOSIO BOULEVARD LUIS DONALDO COLOSIO CALLE RINCONADA DE LAS CHACHALACAS 295  77560,,,21.09681,-86.85026,,,,[BACHILLERATO GENERAL]
91,PLANTEL CONALEP 009. CANCUN,23DPT0001V,BACHILLERATO,MEDIA SUPERIOR,PÚBLICO,AVENIDA JOSE GARCIA DE LA TORRE AVENIDA BONAMPAK AVENIDA CHICHEN ITZA AVENIDA BONAMPAK 295  77500,,,21.1684,-86.82279,,,,[PROFESIONAL TeCNICO BACHILLER]
